Record_Id, Create_Date, PNR, Entry_Type, Customer_Name, Customer_Email, Airline_Code, Date_Of_Journey
0,2019-07-26,0YDJJN,Book,Faith Dorrough  ,bsic071h9e@gmail.com,DAL,2019-07-06
1,2019-07-19,8YR9PA,Cancel,Ethan Goods  ,0fbtz9oyn0@yahoo.com,COA,2019-07-12
2,2019-07-17,0J6FPF,Modify,Erma Terrill  ,8mhmx7eeky@gmail.com,COA,2019-07-03
3,2019-07-19,SER4EE,Cancel,Catheryn Pontious  ,kg0c4karfh@yahoo.com,DLH,2019-07-14
4,2019-07-20,W3VXQ5,Cancel,Lakia Sanner  ,ke9o2qjjsr@yahoo.com,SQC,2019-07-13
5,2019-07-30,WO8Y5S,Book,Hipolito Richburg  ,aj99924paa@hotmail.com,DAL,2019-07-12
6,2019-07-19,JEFTEB,Book,Lauretta Bongiovanni  ,sy7s8yfjir@hotmail.com,SQC,2019-07-11
7,2019-07-21,71IWID,Modify,Anibal Barns  ,li99gkzsgl@yahoo.com,QFA,2019-07-05
8,2019-07-28,YCISXH,Modify,Carlos Kivett  ,7pm7omr2xn@yahoo.com,QFA,2019-07-05
9,2019-07-25,3YMPOX,Cancel,Natisha Yancey  ,g31x44ucew@yahoo.com,DAL,2019-07-01
10,2019-07-26,BKE60V,Modify,Katheleen Start  ,2nf4wrnry8@hotmail.com,SQC,2019-07-15
11,2019-07-24,CGTUX6,Modify,Frieda Symes  ,3q05ikaml2@hotmail.com,SQC,2019-07-01
12,2019-07-23,AA3H3F,Modify,Joana Surita  ,9ygvixrin9@gmail.com,QFA,2019-07-01
13,2019-07-26,7EHZOK,Modify,Corina Violet  ,eppz864rjp@hotmail.com,QFA,2019-07-08
14,2019-07-18,MASOP1,Cancel,Colin Whitener  ,zlp6jej0rd@gmail.com,QFA,2019-07-07
15,2019-07-23,CEZLC4,Cancel,Oscar Ciccone  ,aerk0oc1yu@yahoo.com,DLH,2019-07-01
16,2019-07-16,XDD8D2,Modify,Millard Constante  ,x7zwsutnle@yahoo.com,SQC,2019-07-12
17,2019-07-24,KJ0VXE,Modify,Vernell Strosnider  ,8t6fxd74bo@yahoo.com,QFA,2019-07-12
18,2019-07-26,RTHSFY,Modify,Tashia Alix  ,ievym3ge5s@gmail.com,DAL,2019-07-05
19,2019-07-17,AS3VH0,Book,Elodia Trombly  ,giu1mrswhw@hotmail.com,COA,2019-07-01
20,2019-07-18,XBHXAC,Book,Antonio Salva  ,f5rauej8jg@hotmail.com,COA,2019-07-08
21,2019-07-30,LAEWX6,Book,Jamaal Sauer  ,tiaiy1ibwu@yahoo.com,DLH,2019-07-07
22,2019-07-27,3W2607,Modify,Virgen Hamamoto  ,ffbe2lkkin@gmail.com,COA,2019-07-03
23,2019-07-28,E4Q7BI,Book,Rhona Drozd  ,jqoora2im9@hotmail.com,QFA,2019-07-11
24,2019-07-26,KHQ8VE,Book,Teresia Parisien  ,g71zxo27ba@yahoo.com,QFA,2019-07-05
25,2019-07-28,XAQWX9,Book,Nikki Haws  ,kg390kpbw5@gmail.com,QFA,2019-07-03
26,2019-07-20,B5OKEC,Cancel,Judie Croston  ,uk5p0va5wh@gmail.com,SQC,2019-07-05
27,2019-07-26,BUK25J,Cancel,Veronique Santillo  ,s8yg3ehxxv@gmail.com,SQC,2019-07-07
28,2019-07-20,GA58Q1,Cancel,Elliot Theroux  ,z7riqg9666@hotmail.com,QFA,2019-07-07
29,2019-07-19,ODI430,Modify,Gerald Ramm  ,0vvogg0ptg@gmail.com,DLH,2019-07-06
30,2019-07-19,LGJRT8,Cancel,Antonietta Greenwood  ,z49sf965s7@gmail.com,SQC,2019-07-15
31,2019-07-18,4Q3LVP,Cancel,Tula Bermeo  ,hpnmclchte@yahoo.com,SQC,2019-07-14
32,2019-07-24,SPAKD1,Modify,Wilma Goehring  ,vhv927sxqm@hotmail.com,COA,2019-07-10
33,2019-07-30,FYCXR4,Cancel,Conception Kreidler  ,iagdz17wtb@hotmail.com,SQC,2019-07-11
34,2019-07-19,MALFRH,Cancel,Jodie Lossett  ,svlnq69dp0@yahoo.com,COA,2019-07-12
35,2019-07-28,IF8MZN,Cancel,Alleen Pasternak  ,f4d5tu834a@hotmail.com,SQC,2019-07-01
36,2019-07-16,FGQ98M,Cancel,Garry Shick  ,knayn29mcd@yahoo.com,SQC,2019-07-10
37,2019-07-18,KEKRG4,Book,Ricarda Klosterman  ,tn6t7kupe1@yahoo.com,DLH,2019-07-12
38,2019-07-22,WDA3ES,Modify,Al Tolan  ,js6sg54qv4@hotmail.com,SQC,2019-07-03
39,2019-07-23,1NXHWM,Book,Gudrun Munsterman  ,tqc36b0tvn@gmail.com,DAL,2019-07-06
40,2019-07-22,ZMWHWX,Modify,Rhonda Routt  ,nl90lnhdz9@hotmail.com,SQC,2019-07-08
41,2019-07-20,AHZ26P,Modify,Phyliss Heckathorn  ,w18rgyhnwf@hotmail.com,COA,2019-07-07
42,2019-07-27,UR3YIH,Modify,Russel Baver  ,l3fnzl1vxx@hotmail.com,QFA,2019-07-10
43,2019-07-30,5TYZYN,Book,Leoma Burgher  ,qyo3yh51r1@hotmail.com,DAL,2019-07-04
44,2019-07-23,70JR89,Cancel,Weston Sullins  ,kcdz3zkkt4@hotmail.com,DAL,2019-07-15
45,2019-07-29,WRG9G6,Cancel,Haywood Dewalt  ,fnpr9upgfu@hotmail.com,SQC,2019-07-01
46,2019-07-29,YH9XTR,Book,Tony Cowher  ,x45z2x7cfq@yahoo.com,COA,2019-07-10
47,2019-07-30,F9GAN4,Book,Willette Devereaux  ,vbhnfto30j@yahoo.com,COA,2019-07-15
48,2019-07-16,VGHJJM,Book,Irma Frechette  ,cxpw6f2ctq@hotmail.com,SQC,2019-07-10
49,2019-07-16,S0LJKT,Cancel,Kurt Mcloughlin  ,ispd4ced6z@hotmail.com,SQC,2019-07-02
50,2019-07-17,VVEC09,Modify,Romeo Bobb  ,y4t8m6v4np@gmail.com,DLH,2019-07-06
51,2019-07-18,QRNUU5,Modify,Gerda Donohoe  ,7a0lyvjivg@gmail.com,SQC,2019-07-04
52,2019-07-30,4BCEO0,Cancel,Rosalva Tardiff  ,3d5rbl5vhm@hotmail.com,DLH,2019-07-09
53,2019-07-30,RMCROD,Book,Catina Dewitt  ,elqu43rldv@yahoo.com,SQC,2019-07-11
54,2019-07-24,QX75Z9,Book,Bella Broomfield  ,zco0a8f09s@hotmail.com,QFA,2019-07-09
55,2019-07-22,BWE9TW,Book,Kristeen Willits  ,k8vi00ljeg@gmail.com,QFA,2019-07-15
56,2019-07-26,JV2QAZ,Cancel,Alessandra Henton  ,tlcv18swf4@gmail.com,COA,2019-07-02
57,2019-07-27,4XRIZD,Book,Barney Lindon  ,z3h7l1nprp@gmail.com,DLH,2019-07-15
58,2019-07-28,5S2HVC,Modify,Felicita Langford  ,1twh6en0um@gmail.com,COA,2019-07-09
59,2019-07-27,0F27G3,Modify,Arminda Lush  ,fa34ijxgzc@gmail.com,QFA,2019-07-11
60,2019-07-24,BQLRZW,Book,Deborah Bumpers  ,y81ck3t365@hotmail.com,DAL,2019-07-08
61,2019-07-30,SRJTWL,Cancel,Hoyt Cogburn  ,m3extgl2ct@yahoo.com,QFA,2019-07-09
62,2019-07-16,F4PUGM,Cancel,Oscar Roemer  ,haqrdnstme@yahoo.com,SQC,2019-07-10
63,2019-07-25,GSXCGF,Modify,Britni Reis  ,fcdooeu04w@gmail.com,QFA,2019-07-03
64,2019-07-30,F7NECG,Modify,Jean Lajoie  ,5m1dmx8gn6@yahoo.com,QFA,2019-07-10
65,2019-07-30,KRS75E,Book,Milagro Simonsen  ,pzg6kr080k@yahoo.com,DLH,2019-07-12
66,2019-07-29,RIXVZ4,Cancel,Alethia Miraglia  ,k5p8s8s26u@gmail.com,DLH,2019-07-01
67,2019-07-30,1F0AEU,Cancel,Cleveland Fredrickson  ,4u5fk73wz0@yahoo.com,COA,2019-07-13
68,2019-07-23,SQ996Z,Book,Norine Ploof  ,rnjqwa7ox4@gmail.com,SQC,2019-07-06
69,2019-07-22,3QKI09,Cancel,Jenette Arnhold  ,dqmcwebb66@hotmail.com,QFA,2019-07-04
70,2019-07-20,AU68ND,Book,Miles Raposo  ,7bp5nqewz1@hotmail.com,COA,2019-07-15
71,2019-07-21,C7MD13,Book,Odelia Laidlaw  ,lrvxu2325a@yahoo.com,COA,2019-07-02
72,2019-07-27,DBGDRY,Cancel,Delfina Bueno  ,oq95vkbnt8@gmail.com,COA,2019-07-04
73,2019-07-24,B6OUE0,Book,Krystle Bednarczyk  ,2tucpy5gfr@gmail.com,DLH,2019-07-05
74,2019-07-16,ES7MIL,Modify,Maxwell Foree  ,m47u91da6e@hotmail.com,DAL,2019-07-12
75,2019-07-29,2T5NA1,Modify,Hortencia Kushner  ,3h0jbkz579@hotmail.com,QFA,2019-07-11
76,2019-07-22,FUW8S9,Cancel,Lucien Dam  ,tngqbrpsm2@hotmail.com,SQC,2019-07-10
77,2019-07-21,AN6H2E,Book,Guadalupe Abalos  ,9060grg6a5@hotmail.com,DLH,2019-07-09
78,2019-07-19,Q4TMRA,Cancel,Fredda Minich  ,y9d9l0hf4j@gmail.com,COA,2019-07-08
79,2019-07-27,A9LTG4,Modify,Diane Matlock  ,spdrqntxf1@gmail.com,COA,2019-07-04
80,2019-07-16,LMNRPS,Cancel,Edie Santana  ,wi9d3fags9@gmail.com,QFA,2019-07-09
81,2019-07-17,M55PRE,Book,Jung Mojarro  ,6f4mq0qrqr@hotmail.com,SQC,2019-07-15
82,2019-07-27,F8FLWI,Cancel,Zelma Yelverton  ,wqac0py747@hotmail.com,COA,2019-07-13
83,2019-07-23,L371IQ,Modify,Melany Wooten  ,9f2pairmee@hotmail.com,COA,2019-07-06
84,2019-07-26,1NNZTP,Cancel,Cher Platter  ,4lo2oppddm@hotmail.com,QFA,2019-07-11
85,2019-07-26,FHAUBN,Cancel,Geralyn Simeon  ,acl81m2tvn@yahoo.com,COA,2019-07-06
86,2019-07-30,9DPKRD,Book,Joane Degroot  ,gn0ctyck23@gmail.com,DLH,2019-07-02
87,2019-07-16,91AZ0L,Cancel,Bok Blumer  ,dovhcg6erj@hotmail.com,SQC,2019-07-08
88,2019-07-18,O4J5EU,Modify,Dena Ramthun  ,nbwiy1r2zt@gmail.com,COA,2019-07-15
89,2019-07-16,OSL2WV,Modify,Trudy Cave  ,4462c3dhp9@yahoo.com,SQC,2019-07-10
90,2019-07-21,S9E6UE,Cancel,Tammara Costantino  ,h5te2jtx4y@gmail.com,QFA,2019-07-01
91,2019-07-27,E7QKG8,Modify,Dixie Billingsley  ,ol9i6xutr6@gmail.com,QFA,2019-07-04
92,2019-07-18,9S7KV9,Modify,Lakeesha Bichrest  ,g4bcq5c77i@gmail.com,QFA,2019-07-07
93,2019-07-19,6S1B49,Modify,Arline Westergard  ,s38wrhkxod@gmail.com,QFA,2019-07-01
94,2019-07-25,IBRNDV,Book,Julianne Rossi  ,ffbq3ycl8a@yahoo.com,COA,2019-07-08
95,2019-07-27,1LPZDE,Modify,Madison Sollars  ,a8i2ga22x8@hotmail.com,DAL,2019-07-01
96,2019-07-16,KEHI1F,Cancel,Crysta Warrior  ,vdsji1o2d3@hotmail.com,QFA,2019-07-01
97,2019-07-17,RC575V,Modify,Phylicia Bahl  ,rj4m88osd5@hotmail.com,DLH,2019-07-11
98,2019-07-24,15BIEF,Book,Magdalena Talley  ,zil96dr31c@gmail.com,COA,2019-07-08
99,2019-07-29,GIBKEB,Cancel,Lee Bashaw,fj2n0uujuv@hotmail.com,COA,2019-07-07
100,2019-07-17,K1U22U,Book,Eldridge Mcpeters  ,b7o03rku8o@yahoo.com,DAL,2019-07-15
101,2019-07-17,KTQ0Y2,Modify,Ardelle Berkley  ,fj9e75yj6s@yahoo.com,QFA,2019-07-01
102,2019-07-29,9YMO38,Modify,Alda Hoy  ,m7ewafzq91@yahoo.com,SQC,2019-07-10
103,2019-07-27,4X9NMA,Modify,Olivia Cowling  ,46fcjl23lg@hotmail.com,DAL,2019-07-11
104,2019-07-25,KLX6UA,Modify,Sharie Speirs  ,uk5q8ec7iw@hotmail.com,DAL,2019-07-12
105,2019-07-29,2DKHGW,Modify,Susannah Brothers  ,tueb686vym@gmail.com,DLH,2019-07-04
106,2019-07-26,EYOATK,Modify,Everette Paradise  ,g0bwnd6ukt@yahoo.com,DLH,2019-07-10
107,2019-07-18,1UHLI0,Modify,Man Wert  ,sij72almn9@hotmail.com,DLH,2019-07-13
108,2019-07-20,D5FE0C,Book,Rory Willingham  ,x28fbx8km1@gmail.com,DAL,2019-07-07
109,2019-07-24,9JXPKI,Book,Earnest Pennypacker  ,9unlhqm5kz@yahoo.com,SQC,2019-07-09
110,2019-07-20,CNUM93,Book,Samella Selleck  ,p1tfgpua3m@hotmail.com,DAL,2019-07-15
111,2019-07-27,RWTL9X,Book,Isa Champney  ,0httvbhcbl@hotmail.com,SQC,2019-07-05
112,2019-07-26,EEFX4Q,Modify,Valerie Jin  ,1rzr06dlen@yahoo.com,DLH,2019-07-07
113,2019-07-29,TJD6GJ,Book,Barabara Quinley  ,xir5wuerr2@gmail.com,QFA,2019-07-11
114,2019-07-21,OIAXOF,Cancel,Richard Stracener  ,gwluga2v6p@gmail.com,COA,2019-07-03
115,2019-07-21,MIOKTQ,Cancel,Landon Wongus  ,2gbhvi46lk@hotmail.com,QFA,2019-07-04
116,2019-07-30,W0DEVO,Book,Trula Ruddock  ,a9nuup0jlp@hotmail.com,DLH,2019-07-08
117,2019-07-22,ANCKPK,Modify,Natalie Bolender  ,o77v9qgklw@hotmail.com,DLH,2019-07-03
118,2019-07-25,T2SHXD,Book,Ruthie Ashburn  ,clk3q3knyp@hotmail.com,DLH,2019-07-08
119,2019-07-18,XFN66Q,Cancel,Nisha Crudup  ,qaysh3can1@hotmail.com,DLH,2019-07-05
120,2019-07-23,33JW5G,Book,Cinda Mcclellan  ,4hvn0pqnnc@gmail.com,DLH,2019-07-12
121,2019-07-29,7PSOFH,Book,Armandina Rollman  ,kkb55hudb5@yahoo.com,QFA,2019-07-07
122,2019-07-29,BJBFSG,Cancel,Dino Cerrone  ,2i2888zf4a@yahoo.com,QFA,2019-07-12
123,2019-07-30,Z5AMC8,Cancel,Laquanda Bilbo  ,rzlz7oodkj@gmail.com,SQC,2019-07-03
124,2019-07-26,BJQRBN,Modify,Melvin Warwick  ,1nrdwxfmdw@yahoo.com,DAL,2019-07-13
125,2019-07-20,9HWDEX,Book,Idella Leverett  ,hli4mxs5s6@hotmail.com,QFA,2019-07-10
126,2019-07-30,S4NKY7,Book,Heriberto Corr  ,742qhtx5ga@hotmail.com,COA,2019-07-11
127,2019-07-22,DAKLP0,Cancel,Marivel Curington  ,pw6b82e4z5@hotmail.com,DLH,2019-07-02
128,2019-07-22,4HXL9N,Book,Shira Gartrell  ,255uvjpzfn@yahoo.com,DLH,2019-07-10
129,2019-07-30,GZPDBL,Cancel,Wm Cuen  ,zdeaqkymbr@hotmail.com,QFA,2019-07-13
130,2019-07-26,CJ6G9P,Modify,Else Nicol  ,r68x7v59ik@hotmail.com,DAL,2019-07-02
131,2019-07-24,3YP6YN,Book,Tarra Lott  ,ed2i56rlse@gmail.com,SQC,2019-07-07
132,2019-07-25,LQ14L2,Book,Ciera Sylvester  ,memzr2ti8x@gmail.com,COA,2019-07-03
133,2019-07-23,91RCSS,Book,Corine Bunker  ,r2zr9hgj96@yahoo.com,SQC,2019-07-07
134,2019-07-28,I6F6XV,Cancel,Deanna Coard  ,xd6d35r7ct@yahoo.com,QFA,2019-07-04
135,2019-07-29,M8RRIY,Book,Clifton Ritz  ,vtw6lz3op9@yahoo.com,DAL,2019-07-13
136,2019-07-28,A0D0T1,Cancel,Danuta Mabie  ,0wt6mdzlfu@yahoo.com,COA,2019-07-10
137,2019-07-26,SLQNOP,Modify,Benjamin Harker  ,drqne958nz@yahoo.com,DAL,2019-07-10
138,2019-07-28,IUQCJ0,Cancel,Chrissy Toto  ,kcjba7ap5j@gmail.com,DAL,2019-07-07
139,2019-07-25,6I9WFF,Cancel,Catrina Macdonnell  ,ok15zf1eyv@hotmail.com,DAL,2019-07-08
140,2019-07-18,LMGYFQ,Cancel,Beaulah Swigert  ,7yglgeeok9@gmail.com,DAL,2019-07-13
141,2019-07-22,W47B5Z,Cancel,Nohemi Nigh  ,yhtmcupwu0@yahoo.com,DAL,2019-07-12
142,2019-07-28,DUYVB0,Book,Minerva Till  ,4m7367z9tz@hotmail.com,SQC,2019-07-02
143,2019-07-20,VYWCPK,Modify,Ivey Serrato  ,tqjyy7lf1o@yahoo.com,DAL,2019-07-11
144,2019-07-26,RNNG6R,Modify,Lin Nellis  ,dqksn6iouq@gmail.com,COA,2019-07-04
145,2019-07-17,E16XSV,Book,Elise Gayman  ,sz97yjtya7@hotmail.com,DLH,2019-07-08
146,2019-07-30,3L219X,Cancel,Leda Scheid  ,zgdhztskpz@hotmail.com,SQC,2019-07-09
147,2019-07-24,RV6RFD,Cancel,Myron Coryell  ,b7d6bvfg65@hotmail.com,DAL,2019-07-10
148,2019-07-23,4ERP4G,Modify,Teri Iglesia  ,n3mxxs5dpf@gmail.com,SQC,2019-07-06
149,2019-07-23,74TKWX,Book,Josphine Augustyn,yq26itao1k@hotmail.com,QFA,2019-07-14
150,2019-07-28,TZVAAC,Cancel,Kourtney Eberhardt  ,dru6f6nu8x@gmail.com,SQC,2019-07-12
151,2019-07-27,442UUO,Modify,Fredia Gracia  ,shlxemtj6r@yahoo.com,DLH,2019-07-06
152,2019-07-18,4WPMTF,Book,Marisa Zarate  ,qgqar4nshv@gmail.com,COA,2019-07-10
153,2019-07-17,HX2OJ6,Modify,Latashia Depaz  ,3qc08aadg1@hotmail.com,SQC,2019-07-05
154,2019-07-26,ZRM6DR,Modify,Elfriede Irwin  ,x125fol9ll@gmail.com,COA,2019-07-11
155,2019-07-20,JIO0KM,Book,Vertie Mettler  ,8mh6z51myx@gmail.com,DAL,2019-07-10
156,2019-07-24,P78NGW,Modify,Cristine Grundy  ,kuqm3w0n33@hotmail.com,QFA,2019-07-11
157,2019-07-24,S5AYON,Book,Susannah Brugnoli  ,wikazjevyf@yahoo.com,COA,2019-07-11
158,2019-07-27,HXO8SY,Cancel,Denver Crandall  ,b8a0q3vfc4@yahoo.com,COA,2019-07-10
159,2019-07-26,38UHS0,Modify,Jaymie Luellen  ,k3o7rqdu8t@gmail.com,QFA,2019-07-07
160,2019-07-19,AWHP34,Book,Jacquelin Swim  ,znem3j3qnc@gmail.com,COA,2019-07-04
161,2019-07-17,941BFS,Cancel,Lola Lando  ,02l305wyjb@hotmail.com,COA,2019-07-06
162,2019-07-23,S46Z4H,Modify,Dale Bolten  ,woulh88o4v@gmail.com,DLH,2019-07-05
163,2019-07-30,IBX3BP,Cancel,Liane Backer  ,dscz3x9y8d@yahoo.com,SQC,2019-07-13
164,2019-07-21,WDQ0QT,Cancel,Rosenda Aman  ,cll7n2oc62@yahoo.com,QFA,2019-07-02
165,2019-07-30,P2LS6S,Modify,Zaida Lanham  ,dkxeghqrgx@gmail.com,SQC,2019-07-15
166,2019-07-24,56OOK0,Book,Estella Riggan  ,gz5421vk6e@yahoo.com,QFA,2019-07-07
167,2019-07-27,BV9AV4,Book,Naida Zeno  ,jsdkmmjs84@gmail.com,DLH,2019-07-01
168,2019-07-17,JB05JG,Cancel,Ernestine Labombard  ,8ob370sm7u@yahoo.com,QFA,2019-07-01
169,2019-07-28,WNLCP1,Modify,Tamesha Pelosi  ,5iwi5nw603@hotmail.com,QFA,2019-07-09
170,2019-07-22,OAUDZS,Modify,Tawana Cuenca  ,syysjdt989@yahoo.com,COA,2019-07-12
171,2019-07-30,XO1U3H,Modify,Alfonzo Demott  ,vdhm0xkld6@hotmail.com,QFA,2019-07-02
172,2019-07-16,25QUVV,Book,Adelaida Clay  ,1z329bp1h8@yahoo.com,COA,2019-07-10
173,2019-07-25,KBTYCJ,Book,Evelynn Block  ,8hnf6ff615@yahoo.com,QFA,2019-07-05
174,2019-07-28,MM0P50,Book,Ester Losh  ,dif4j0wv0z@hotmail.com,QFA,2019-07-10
175,2019-07-27,YHR0TD,Book,Ara Engelbrecht  ,swemfydi40@gmail.com,DLH,2019-07-05
176,2019-07-26,JEFWMH,Modify,Lolita Corcoran  ,rqvf3a5skp@gmail.com,SQC,2019-07-04
177,2019-07-23,MQRA7B,Cancel,Yoko Sevigny  ,y2iai5lbmq@yahoo.com,SQC,2019-07-02
178,2019-07-16,EN0VS7,Book,Pearline Myres  ,0kgcph20tz@hotmail.com,SQC,2019-07-11
179,2019-07-28,7F2864,Book,Corinne Robichaud  ,wp0fdytx4h@gmail.com,DAL,2019-07-01
180,2019-07-23,D0A57R,Modify,Nakia Boylan  ,g1egefh6kk@hotmail.com,DLH,2019-07-12
181,2019-07-28,D5BT8Q,Cancel,Kristal Wilmoth  ,qtzrtj27tv@hotmail.com,SQC,2019-07-03
182,2019-07-24,VIMJUN,Book,Lavada Schillaci  ,kxmthzezff@yahoo.com,COA,2019-07-09
183,2019-07-24,0GA7R3,Modify,Sharell Shenkel  ,v0in90nuqp@gmail.com,DLH,2019-07-01
184,2019-07-22,DXXAVO,Book,Kaci Schubert  ,4u7p1etypv@yahoo.com,DAL,2019-07-12
185,2019-07-27,MTDNF3,Cancel,Ada Kuzma  ,q3zhxr5o8r@hotmail.com,DLH,2019-07-04
186,2019-07-30,FGFPKT,Cancel,Maye Batey  ,h8ggoccgh6@yahoo.com,DAL,2019-07-09
187,2019-07-22,4R2MR6,Cancel,Shayla Telesco  ,suk03zweqy@yahoo.com,QFA,2019-07-02
188,2019-07-21,ZDZTO2,Modify,Donna Guerra  ,5yvjiv8w09@hotmail.com,COA,2019-07-10
189,2019-07-30,RFLB0T,Book,Josphine Mainor  ,i1zdn9rgop@yahoo.com,COA,2019-07-04
190,2019-07-26,2ABLQS,Book,Margaretta Gott  ,kul39vtkco@hotmail.com,QFA,2019-07-02
191,2019-07-24,64577A,Cancel,Jody Salone  ,1vis2kt7vj@yahoo.com,QFA,2019-07-04
192,2019-07-24,FBSZU2,Modify,Charlesetta Moreland  ,5s3fsiv22x@gmail.com,DLH,2019-07-12
193,2019-07-24,1HYYJZ,Modify,Onita Gaiter  ,oe64akrdvz@yahoo.com,SQC,2019-07-09
194,2019-07-24,RQ7NPK,Modify,Ward Gunnels  ,kqxyt9hmmu@yahoo.com,DAL,2019-07-03
195,2019-07-24,MEYKZL,Modify,Raisa Brookover  ,wfd7az3qrq@yahoo.com,DLH,2019-07-10
196,2019-07-19,VT0NQG,Modify,Eleonora Pineiro  ,ecydut38hi@hotmail.com,DAL,2019-07-10
197,2019-07-17,QQFW3R,Cancel,Shantelle Thibodeaux  ,jjknfd0x3w@gmail.com,QFA,2019-07-10
198,2019-07-24,DUOENL,Modify,Jolyn Kingsbury  ,ugpzejqax1@hotmail.com,DAL,2019-07-04
199,2019-07-21,YT743Z,Modify,Soo Hennessee,5d8vg22q8q@hotmail.com,SQC,2019-07-06
200,2019-07-26,IHC444,Modify,Brenton Wetherell  ,s50ef1ocq0@yahoo.com,DLH,2019-07-09
201,2019-07-27,4JPSDO,Modify,Siu Tunnell  ,s88bhdjisg@hotmail.com,QFA,2019-07-06
202,2019-07-25,2DP9R2,Cancel,Charlie Ervin  ,3wtb3y05fu@hotmail.com,DAL,2019-07-02
203,2019-07-22,XHNXTK,Cancel,Afton Clanton  ,sw73f1sp9g@hotmail.com,DAL,2019-07-04
204,2019-07-16,UW59BG,Cancel,Scott Abler  ,72eum4xwnn@hotmail.com,DLH,2019-07-12
205,2019-07-20,VCQGX7,Cancel,Kory Keating  ,4nekf2tz8h@yahoo.com,QFA,2019-07-07
206,2019-07-24,6A6M9E,Book,Rebeca Coppola  ,wgqomutxn5@hotmail.com,SQC,2019-07-13
207,2019-07-29,KQORSX,Cancel,Cody Baldridge  ,nlngwia7fj@hotmail.com,DAL,2019-07-12
208,2019-07-30,RY16BR,Modify,Cristobal Hohl  ,cb4vikxc9w@yahoo.com,DAL,2019-07-09
209,2019-07-28,1ZIQCZ,Modify,Santiago Chumley  ,x8m4fun0af@yahoo.com,QFA,2019-07-11
210,2019-07-22,M1NMON,Cancel,Alison Wilmeth  ,fmyo5m04yw@yahoo.com,QFA,2019-07-06
211,2019-07-17,HK1T6P,Cancel,Brent Latson  ,29d15bmcp7@gmail.com,DLH,2019-07-04
212,2019-07-20,NBO9YM,Cancel,Heath Burt  ,ba2rwdjg97@hotmail.com,SQC,2019-07-03
213,2019-07-24,88MH9C,Modify,Gerald Castiglia  ,xlzjfqngx9@gmail.com,COA,2019-07-07
214,2019-07-26,X403YT,Modify,Latonia Tavera  ,54vfrlt8b2@hotmail.com,DLH,2019-07-10
215,2019-07-28,X1CSYT,Modify,Farrah Orlando  ,ktpxkg32z6@yahoo.com,SQC,2019-07-13
216,2019-07-26,PSC13E,Book,Rene Hao  ,9i9fvxous1@yahoo.com,COA,2019-07-09
217,2019-07-22,X10EMQ,Modify,Gerry Sarinana  ,uh5kzh5szf@hotmail.com,SQC,2019-07-02
218,2019-07-29,D93HLD,Modify,Venetta Greenfield  ,ds6r8x58yk@hotmail.com,COA,2019-07-01
219,2019-07-24,0NWNWY,Cancel,Sam Drews  ,g8slf1frxm@gmail.com,SQC,2019-07-08
220,2019-07-24,WSK3OI,Book,Allie Mungin  ,5izslwh82q@hotmail.com,DLH,2019-07-05
221,2019-07-20,D2GZU1,Cancel,Monique Rosenquist  ,0lnjp8hjpq@yahoo.com,QFA,2019-07-04
222,2019-07-19,83BRXM,Book,Darcel Petillo  ,1bspqil0z5@gmail.com,SQC,2019-07-01
223,2019-07-29,SUAMT2,Book,Rigoberto Mccready  ,jghdf3ufdx@gmail.com,SQC,2019-07-02
224,2019-07-22,9OUZ2Y,Modify,Lisha Durkin  ,9qy3t5dzze@hotmail.com,DAL,2019-07-10
225,2019-07-29,Z1HEYZ,Modify,Bianca Knabe  ,4jws3n2oj8@gmail.com,QFA,2019-07-09
226,2019-07-23,TCEB11,Cancel,Hilda Dalessandro  ,8e6waxop0b@gmail.com,DLH,2019-07-10
227,2019-07-23,H911OM,Book,Melaine Reiser  ,s9vogk9a8s@yahoo.com,COA,2019-07-01
228,2019-07-20,05951M,Book,Tiara Murrieta  ,zhghlo9cww@hotmail.com,QFA,2019-07-10
229,2019-07-19,C6RGOM,Modify,Karren Battista  ,rqi02ooxq5@gmail.com,SQC,2019-07-09
230,2019-07-24,RCZS5U,Book,Ivan Dipaola  ,zfi0nb14z7@yahoo.com,COA,2019-07-10
231,2019-07-30,L87DV3,Book,Cedrick Newsome  ,w53n65j1yy@gmail.com,COA,2019-07-09
232,2019-07-29,PS6QZR,Modify,Marquitta Esses  ,asg8zhp33n@gmail.com,DLH,2019-07-10
233,2019-07-27,FKYERR,Book,Imelda Benbow  ,7baspjfbws@gmail.com,DLH,2019-07-04
234,2019-07-16,3FA5N6,Modify,Ona Arvie  ,sio4s9h8jh@hotmail.com,QFA,2019-07-15
235,2019-07-20,285Z5C,Cancel,Anika Forcier  ,0dodpagdba@yahoo.com,DLH,2019-07-10
236,2019-07-30,C9UN3E,Book,Frederic Querry  ,obv9mf4plk@yahoo.com,DLH,2019-07-14
237,2019-07-29,OM9XW6,Modify,Carmelina Nishida  ,y1hwuj3kuh@yahoo.com,SQC,2019-07-10
238,2019-07-18,EAREDP,Book,Tamica Purdum  ,ddk3qp7gzb@yahoo.com,DLH,2019-07-11
239,2019-07-27,I74221,Modify,Caridad Simerly  ,gpneayzb1h@gmail.com,SQC,2019-07-02
240,2019-07-21,OW2CIO,Book,Gerard Robbs  ,iankgbsxtz@hotmail.com,QFA,2019-07-07
241,2019-07-22,CF4159,Modify,Elsy Riccio  ,f6zqr36e2d@gmail.com,DAL,2019-07-04
242,2019-07-16,0GROJZ,Modify,Saul Koppes  ,a781zwz4p7@hotmail.com,SQC,2019-07-05
243,2019-07-22,9YWMU3,Cancel,Renae Jordon  ,7dq2xpgoc6@yahoo.com,DLH,2019-07-01
244,2019-07-23,41XRHB,Book,Wendy Petti  ,xcvhal604l@gmail.com,SQC,2019-07-13
245,2019-07-21,G5WZSA,Book,Florinda Feld  ,ngcoul30jg@gmail.com,QFA,2019-07-12
246,2019-07-21,3M704Q,Book,Sparkle Meloy  ,lnxpda8wyy@yahoo.com,QFA,2019-07-01
247,2019-07-16,JOJCQZ,Modify,Emily Sikora  ,p2fy0gndtq@gmail.com,QFA,2019-07-05
248,2019-07-26,6ECAG0,Modify,Devin Pedone  ,cl28mc0dia@hotmail.com,DAL,2019-07-15
249,2019-07-16,ZIF1TT,Cancel,Willia Triche  ,wx2n87afaf@hotmail.com,COA,2019-07-07
250,2019-07-30,X66AWF,Cancel,Mario Mote  ,hldwmc86hj@hotmail.com,QFA,2019-07-13
251,2019-07-21,Q7WH58,Book,Eddy Mendicino  ,go7c3f0zu2@gmail.com,SQC,2019-07-03
252,2019-07-17,EIQJCS,Book,Milton Verne  ,5b9a39fqd3@yahoo.com,QFA,2019-07-13
253,2019-07-24,56SNS5,Modify,Alisha Srour  ,cwmbgzf11k@yahoo.com,DAL,2019-07-03
254,2019-07-28,XGO6PL,Modify,Christa Summa  ,09xu2nag40@hotmail.com,QFA,2019-07-05
255,2019-07-22,DJFQOS,Cancel,Albertina Outler  ,qdphd3qyft@hotmail.com,DAL,2019-07-11
256,2019-07-23,N5TFLI,Cancel,Margarito Dunagan  ,ey2qce5oz2@gmail.com,COA,2019-07-01
257,2019-07-16,G1X36Q,Modify,Kisha Padro  ,ostn3jmuyo@hotmail.com,SQC,2019-07-03
258,2019-07-21,V86ZD7,Modify,Glendora Pye  ,mwmm7juqle@yahoo.com,DAL,2019-07-06
259,2019-07-22,F7P9FF,Modify,Theodore Aston  ,3es3h208rz@yahoo.com,COA,2019-07-08
260,2019-07-27,6Q2WC7,Modify,Dot Walson  ,f5zrg9n3c6@yahoo.com,DAL,2019-07-04
261,2019-07-19,VTAJGK,Modify,Adina Selph  ,u5o9h5fy60@gmail.com,SQC,2019-07-13
262,2019-07-27,25EL67,Cancel,Harold Stahl  ,yuejhbo11n@hotmail.com,SQC,2019-07-09
263,2019-07-22,EM7H16,Cancel,Rolanda Gayden  ,7zst3z4gwz@hotmail.com,DLH,2019-07-09
264,2019-07-22,TPH1PH,Cancel,Kandra Canada  ,kdiztkafoc@gmail.com,DAL,2019-07-01
265,2019-07-27,YBGW9K,Modify,Rita Pfannenstiel  ,mfvubk30l3@hotmail.com,QFA,2019-07-14
266,2019-07-16,H0TDSQ,Cancel,Micki Vosburg  ,dcbntv1pnj@hotmail.com,DLH,2019-07-10
267,2019-07-30,JMV0XQ,Book,Elouise Struthers  ,gbohlemjhh@yahoo.com,QFA,2019-07-12
268,2019-07-29,7V9PPY,Cancel,Micheal Montufar  ,n59vm6i744@gmail.com,SQC,2019-07-15
269,2019-07-25,4VWRJZ,Modify,Leonore Sthilaire  ,byojbxrhgq@hotmail.com,DLH,2019-07-12
270,2019-07-30,VCF3GP,Book,Bridgette Leishman  ,qjm1dtsrhi@hotmail.com,SQC,2019-07-04
271,2019-07-28,VPRLDR,Cancel,Aja Albin  ,hd4mqrgy9c@yahoo.com,SQC,2019-07-10
272,2019-07-30,U1DRMM,Cancel,Willette Robson  ,xo48n3wegu@yahoo.com,DLH,2019-07-04
273,2019-07-18,MVJ9QU,Cancel,Cary Gladfelter  ,fv8cxoj6zu@yahoo.com,SQC,2019-07-03
274,2019-07-16,0QDS94,Modify,Rosette Harig  ,x8v757mgzm@yahoo.com,COA,2019-07-11
275,2019-07-18,IKTZQI,Cancel,Junior Scovil  ,0wqu8877uk@yahoo.com,DAL,2019-07-10
276,2019-07-30,859P3C,Cancel,Bryanna Sessler  ,exfgs9hvqb@yahoo.com,DAL,2019-07-06
277,2019-07-25,XWEYXC,Modify,Hildegard Brownell  ,bzmkvfno3e@yahoo.com,DLH,2019-07-02
278,2019-07-26,S4LO5H,Cancel,Roman Entwistle  ,n08mom4mng@gmail.com,DAL,2019-07-03
279,2019-07-16,PHDVMZ,Modify,Drucilla Didomenico  ,e859ko36c3@yahoo.com,DLH,2019-07-13
280,2019-07-18,7TJO95,Cancel,Jennell Hutton  ,sf53tirpuv@yahoo.com,DLH,2019-07-08
281,2019-07-29,MFDWZ9,Book,Scottie Smelcer  ,qo48wzqk0c@yahoo.com,COA,2019-07-05
282,2019-07-29,DEI467,Cancel,Carlo Yi  ,zwi0mv00q3@hotmail.com,QFA,2019-07-01
283,2019-07-29,1MZSXI,Cancel,Vannessa Zuchowski  ,baaugibm1s@yahoo.com,DAL,2019-07-05
284,2019-07-16,TSKHUP,Book,Timika Teed  ,zc07zgxpb8@gmail.com,DAL,2019-07-11
285,2019-07-22,T2PAPA,Modify,Vita Katzer  ,pu9dh4r1xg@yahoo.com,SQC,2019-07-04
286,2019-07-24,DQMGO3,Cancel,Bari Hickox  ,1icsg38rwv@hotmail.com,QFA,2019-07-07
287,2019-07-24,LLUW63,Modify,Jacqulyn Fehrenbach  ,heewnk2izc@gmail.com,COA,2019-07-01
288,2019-07-29,S769GQ,Modify,Phung Matta  ,s3nopfzqvd@yahoo.com,DLH,2019-07-07
289,2019-07-21,4YUM0K,Cancel,Ling Locklear  ,yr3majg7pa@hotmail.com,COA,2019-07-14
290,2019-07-29,0X7Z9M,Book,Madeline Waite  ,orfh7l6tud@gmail.com,SQC,2019-07-14
291,2019-07-30,1RP6GT,Book,Warner Carden  ,4aaek6rfp5@gmail.com,DAL,2019-07-15
292,2019-07-30,E6AKOC,Book,Marjory Richins  ,hlrp6ey42i@hotmail.com,DAL,2019-07-10
293,2019-07-18,U8XF10,Book,Shannon Coupe  ,r08g2s7ih2@hotmail.com,SQC,2019-07-13
294,2019-07-25,BVZR8E,Cancel,Maris Hoy  ,4vk4wosaze@hotmail.com,COA,2019-07-06
295,2019-07-25,YOD0S9,Book,Wei Shultz  ,uxgftu61v7@gmail.com,DLH,2019-07-01
296,2019-07-22,VZKA6J,Cancel,Samara Hansell  ,nwab2t153w@yahoo.com,COA,2019-07-15
297,2019-07-17,8IL9FP,Modify,Ian Sylvest  ,eg2n56f5cl@gmail.com,DLH,2019-07-13
298,2019-07-28,4ZRLGM,Book,Willian Niemann  ,m8tninqw2o@hotmail.com,DAL,2019-07-04
299,2019-07-25,QGCB5V,Cancel,Estella Everest,6f8m3ckdx4@yahoo.com,COA,2019-07-15
300,2019-07-17,BP2FXI,Book,Delena Weis  ,n7kh7jnb7u@hotmail.com,SQC,2019-07-10
301,2019-07-22,I1GKBB,Modify,Garry Ricker  ,1zxs3klfz4@hotmail.com,COA,2019-07-13
302,2019-07-23,FH1YSE,Cancel,Lacy Bitting  ,4etcdojdw1@hotmail.com,DLH,2019-07-09
303,2019-07-16,Y8MBNF,Modify,Breann Hooks  ,8zyimiwfpu@gmail.com,COA,2019-07-13
304,2019-07-26,1FZ2C6,Cancel,Marcos Steakley  ,esgt3qqxll@yahoo.com,DAL,2019-07-03
305,2019-07-27,4FWMKK,Cancel,Phylicia Murph  ,7k8ghie9cd@gmail.com,COA,2019-07-03
306,2019-07-16,E0ST08,Book,Lashawn Skowronski  ,yuq7wptuw3@yahoo.com,QFA,2019-07-12
307,2019-07-27,HK5IRF,Book,Tracy Joubert  ,eu5yx6xd5q@yahoo.com,DLH,2019-07-15
308,2019-07-24,PU5BFG,Book,Oma Danek  ,0xitrwtax4@hotmail.com,COA,2019-07-09
309,2019-07-26,UQRE0K,Cancel,Chloe Neve  ,j3kvgxyi9a@hotmail.com,SQC,2019-07-08
310,2019-07-19,NUXN3D,Book,Migdalia Bingham  ,c0kbadb8x8@yahoo.com,COA,2019-07-13
311,2019-07-23,JRPNCF,Book,Vonda Meas  ,y0mjf4f3zc@yahoo.com,DLH,2019-07-11
312,2019-07-22,BHU7YR,Modify,Corey Kaina  ,co7c9j7b27@hotmail.com,QFA,2019-07-05
313,2019-07-23,X6TJEA,Modify,Jamee Maharaj  ,ea14d4ze81@gmail.com,SQC,2019-07-12
314,2019-07-18,9D87E8,Book,Kum Petree  ,857e7w7qpj@hotmail.com,DAL,2019-07-04
315,2019-07-17,0FCGXM,Cancel,Reva Engels  ,sen15waiaf@hotmail.com,DLH,2019-07-15
316,2019-07-26,N6CHKD,Modify,Luke Totman  ,swwzga5rl8@gmail.com,COA,2019-07-03
317,2019-07-21,CAM7ST,Modify,Maureen Addington  ,kn6plnuyvx@gmail.com,SQC,2019-07-03
318,2019-07-29,1JOJPT,Cancel,Chasity Natoli  ,x6n0b124nq@gmail.com,QFA,2019-07-10
319,2019-07-26,EO6PUZ,Book,Nicola Seamon  ,yj6pctp18t@gmail.com,COA,2019-07-05
320,2019-07-20,3JMQ0U,Book,Liberty Kerman  ,w49gjpyto5@yahoo.com,QFA,2019-07-07
321,2019-07-25,TH0XIZ,Modify,Eveline Gouge  ,u9btxatas7@gmail.com,COA,2019-07-12
322,2019-07-18,N6DVG2,Modify,Delta Scheller  ,lq561v98jw@gmail.com,SQC,2019-07-12
323,2019-07-26,7S219X,Cancel,Lillian Fairfax  ,glws4ub0o7@hotmail.com,COA,2019-07-06
324,2019-07-20,2A117F,Modify,Tomoko Guion  ,0g73t76cja@yahoo.com,SQC,2019-07-13
325,2019-07-19,2DYPGM,Modify,Barbar Obrien  ,rvluhv7905@gmail.com,QFA,2019-07-01
326,2019-07-22,RH2HXE,Book,Miesha Styron  ,3wck6utb0n@hotmail.com,DLH,2019-07-06
327,2019-07-29,XD3WIK,Book,Hollis Tacey  ,sagv6ed0vb@gmail.com,DAL,2019-07-05
328,2019-07-16,1NV3JH,Modify,Kaley Margerum  ,uk338zsb7f@yahoo.com,SQC,2019-07-05
329,2019-07-23,W7XO6Z,Cancel,Audry Rigsby  ,9k7o77ilwr@hotmail.com,DLH,2019-07-03
330,2019-07-24,7DTN9Y,Modify,Lois Mott  ,k8g3kmwhdt@hotmail.com,QFA,2019-07-12
331,2019-07-23,AVGF56,Modify,Cathryn Nading  ,momdgevb1i@hotmail.com,SQC,2019-07-14
332,2019-07-28,RU6YTT,Book,Tameka Baity  ,cd036vab5h@gmail.com,DAL,2019-07-09
333,2019-07-26,HBW606,Book,Erlene Lundin  ,7xg8k1kgju@yahoo.com,QFA,2019-07-03
334,2019-07-22,4XPIT3,Cancel,Jami Hallinan  ,0pe6r0o45h@yahoo.com,DAL,2019-07-10
335,2019-07-28,B3WD5K,Book,Gwen Currence  ,j7drn5qb5x@hotmail.com,QFA,2019-07-09
336,2019-07-30,CE83L7,Modify,Linda Dineen  ,48sj1awuwm@hotmail.com,QFA,2019-07-06
337,2019-07-19,CFONBL,Modify,Brittni Alvidrez  ,7o3tavntns@hotmail.com,QFA,2019-07-05
338,2019-07-19,6QH05S,Modify,Veola Sales  ,5fybmqo7vu@gmail.com,COA,2019-07-11
339,2019-07-28,MDK20J,Modify,Nikki Jefcoat  ,mi37130yia@yahoo.com,COA,2019-07-01
340,2019-07-16,FMB5BN,Modify,Genesis Blocher  ,9m7xv6ptt2@gmail.com,DLH,2019-07-15
341,2019-07-26,M6SGJA,Cancel,Lekisha Leathers  ,8v9gvysv0l@yahoo.com,DAL,2019-07-07
342,2019-07-26,KD4S91,Modify,Stefan Nease  ,uqy93muvk3@gmail.com,DLH,2019-07-14
343,2019-07-17,G5I5Y8,Book,Teri Swearengin  ,1dts2yx0dr@yahoo.com,QFA,2019-07-10
344,2019-07-21,FYDYBZ,Modify,Jeri Huitt  ,v55g2tsumz@hotmail.com,QFA,2019-07-13
345,2019-07-19,8F1UHC,Book,Ivette Stanberry  ,6iqfc4qgbn@hotmail.com,DLH,2019-07-09
346,2019-07-21,ESM1R8,Modify,Hilton Merriman  ,x0doo6qnje@yahoo.com,DLH,2019-07-03
347,2019-07-18,VBFO3J,Cancel,Brandie Penn  ,um601h3opy@hotmail.com,COA,2019-07-02
348,2019-07-25,LFLE62,Cancel,Florida Marcello  ,whsa0sgs3g@hotmail.com,SQC,2019-07-10
349,2019-07-22,ZP5TCC,Modify,Olevia Lecompte  ,lq7ivr9dnq@hotmail.com,QFA,2019-07-12
350,2019-07-16,MPKJXL,Modify,Dwight Dayton  ,qmlbbrnzzq@hotmail.com,SQC,2019-07-08
351,2019-07-24,0OAXJL,Cancel,Dalila Carnley  ,l1t5ndprot@yahoo.com,COA,2019-07-02
352,2019-07-18,713BSA,Modify,Hector Laidlaw  ,j5oyqvbzqd@yahoo.com,COA,2019-07-03
353,2019-07-20,QMJ5YQ,Book,Owen Hackett  ,ef7mgn9waw@gmail.com,QFA,2019-07-08
354,2019-07-28,C0THZM,Cancel,Ouida Sylvester  ,vsglucslor@yahoo.com,DAL,2019-07-08
355,2019-07-29,0AZAK2,Book,Melisa Stith  ,w9aou8lckh@yahoo.com,QFA,2019-07-03
356,2019-07-26,O5NFG3,Cancel,Vanessa Evens  ,6kzumzhvg8@yahoo.com,QFA,2019-07-07
357,2019-07-16,KBR5UB,Modify,Barrie Soriano  ,efeykwv4ac@yahoo.com,DAL,2019-07-12
358,2019-07-21,Y45A7E,Cancel,Antione Brandes  ,rleyrhfvjx@gmail.com,SQC,2019-07-13
359,2019-07-27,DV17UM,Cancel,Denisse Puthoff  ,7oerafjx56@hotmail.com,DAL,2019-07-05
360,2019-07-16,UX8653,Modify,Whitney Cottle  ,svjhz1o857@hotmail.com,DAL,2019-07-05
361,2019-07-22,YPDLJH,Cancel,Cicely Sappington  ,26tkrwpf6d@yahoo.com,COA,2019-07-03
362,2019-07-18,5KYP13,Book,Corinne Lebaron  ,gor6u63cd3@hotmail.com,SQC,2019-07-08
363,2019-07-29,4974IB,Book,Mariko Verrett  ,dccf52a0j8@hotmail.com,DLH,2019-07-08
364,2019-07-29,ZQRRNS,Modify,Rosalind Underwood  ,qt42puhmgy@hotmail.com,COA,2019-07-04
365,2019-07-28,W4IRMT,Modify,Adrien Reichling  ,4trrh5xri9@yahoo.com,QFA,2019-07-06
366,2019-07-27,C4TKAA,Book,Lory Ruyle  ,2erxuso0in@hotmail.com,QFA,2019-07-03
367,2019-07-16,RS29B1,Modify,Kieth Agron  ,ewqansphru@hotmail.com,SQC,2019-07-04
368,2019-07-28,0IPXLS,Modify,Marta Greenblatt  ,fqju02dtck@yahoo.com,DLH,2019-07-02
369,2019-07-22,1II5UC,Modify,Reiko Ransom  ,6z8fg8g8p5@hotmail.com,SQC,2019-07-03
370,2019-07-30,JH9SCF,Cancel,Shera Schartz  ,nku33zmrhc@gmail.com,SQC,2019-07-04
371,2019-07-19,NNWPVU,Cancel,Lorenza Long  ,1gwpvt2xf4@hotmail.com,QFA,2019-07-05
372,2019-07-27,N7SXT8,Cancel,Quentin Kestler  ,yfte1308qf@yahoo.com,DLH,2019-07-15
373,2019-07-26,XZKJE0,Cancel,Almeda Fiorentino  ,ipxjnn6bj0@yahoo.com,DLH,2019-07-11
374,2019-07-23,PHC579,Cancel,Evelyne Wiren  ,pen55m0vm7@hotmail.com,DLH,2019-07-07
375,2019-07-18,0F25QH,Modify,Rosalyn Degeorge  ,fhy97p34fv@yahoo.com,DLH,2019-07-12
376,2019-07-18,M6JEC8,Book,Eddie Gibney  ,nz98hybaa6@yahoo.com,SQC,2019-07-01
377,2019-07-26,32HU05,Cancel,Stevie Breed  ,lfgeotyfui@yahoo.com,SQC,2019-07-04
378,2019-07-16,TMBDP6,Modify,Fiona Micek  ,xe8okmt8qf@gmail.com,QFA,2019-07-03
379,2019-07-25,7CWVLL,Cancel,Petronila Caston  ,rt167d5eik@gmail.com,SQC,2019-07-05
380,2019-07-22,PM4ALD,Modify,Angelina Lindemann  ,wvs2b8ktyi@gmail.com,DLH,2019-07-09
381,2019-07-29,7C8X2P,Cancel,Tamesha Neidert  ,ssf9mvx77w@yahoo.com,DAL,2019-07-04
382,2019-07-17,3DAWON,Book,Mira Pietila  ,rebndw1zrb@gmail.com,SQC,2019-07-09
383,2019-07-28,TR8NCE,Cancel,Hilario Shadle  ,0gcs5zd508@yahoo.com,COA,2019-07-15
384,2019-07-27,1XSRLU,Cancel,So Basile  ,pox9fwogla@hotmail.com,COA,2019-07-15
385,2019-07-28,8MOOVV,Modify,Bonita Hadnott  ,0lqmloj1nz@gmail.com,QFA,2019-07-13
386,2019-07-26,0OYT3L,Cancel,Carin Nicholls  ,68cxxbrpi3@hotmail.com,DAL,2019-07-13
387,2019-07-22,RL0OEU,Cancel,Leanne Devino  ,hfeunrv0ff@yahoo.com,QFA,2019-07-02
388,2019-07-27,35Q436,Cancel,Alexander Pinnock  ,e0186dc6r7@hotmail.com,COA,2019-07-04
389,2019-07-26,OG3SOA,Modify,Cira Bartolomeo  ,fplkgmub5z@hotmail.com,DLH,2019-07-05
390,2019-07-24,M83U8W,Modify,Rolando Dunn  ,9vlkeiiy7y@hotmail.com,SQC,2019-07-01
391,2019-07-21,JP4DP5,Modify,Debera Ek  ,kw5wg1wj8z@gmail.com,DAL,2019-07-06
392,2019-07-29,ZCMMNF,Book,Madeline Spanos  ,8lfv892gau@yahoo.com,DAL,2019-07-02
393,2019-07-24,LK1QXK,Book,Gonzalo Plourde  ,1xp9flj0ee@hotmail.com,SQC,2019-07-14
394,2019-07-16,O3E3UO,Modify,Sergio Rainwater  ,u4ieiu5l5w@gmail.com,DAL,2019-07-15
395,2019-07-27,E7XGZ6,Modify,Buena Henkel  ,bv6vw1vfb2@hotmail.com,DAL,2019-07-06
396,2019-07-30,K18KXN,Cancel,Zelda Ullery  ,2xmx2egyxj@gmail.com,DAL,2019-07-03
397,2019-07-30,U6UMFP,Modify,Herma Ingerson  ,c0ifqy5wi0@gmail.com,SQC,2019-07-09
398,2019-07-23,MU057R,Cancel,Gary Mysliwiec  ,7qn769acgk@hotmail.com,QFA,2019-07-06
399,2019-07-20,C3VOVU,Modify,Hoyt Stwart,37r9tvqzs1@gmail.com,COA,2019-07-03
400,2019-07-28,KJ8ZRA,Book,Kirstin Wachter  ,0ecfqnbo2c@yahoo.com,SQC,2019-07-13
401,2019-07-28,9JB4CE,Cancel,Landon Tardugno  ,3e9jca86jq@hotmail.com,SQC,2019-07-05
402,2019-07-27,066TH3,Modify,Beverlee Scribner  ,s61b7c8yob@gmail.com,QFA,2019-07-08
403,2019-07-28,IDATZK,Modify,Kira Karle  ,dg5qzcyimd@gmail.com,QFA,2019-07-02
404,2019-07-26,SJQPBN,Cancel,Page Fewell  ,42v2ewuk9s@hotmail.com,DLH,2019-07-05
405,2019-07-19,P4FCMK,Modify,Charleen Kettler  ,s85gjehn8h@yahoo.com,COA,2019-07-09
406,2019-07-22,G914P6,Book,Desmond Veilleux  ,nk5xuybtdx@hotmail.com,COA,2019-07-12
407,2019-07-25,4PYN7J,Cancel,Van Cox  ,8ulds0pr9g@gmail.com,DAL,2019-07-06
408,2019-07-18,78Z7A7,Book,Margy Bradshaw  ,1kzn4vps2y@hotmail.com,COA,2019-07-01
409,2019-07-19,CBXVXN,Modify,Anibal Madrid  ,g9kmk8wan8@yahoo.com,COA,2019-07-10
410,2019-07-21,V248YC,Modify,Natisha Donelson  ,dl6jlgvaxo@hotmail.com,COA,2019-07-08
411,2019-07-21,SPROUB,Book,Al Roughton  ,04l62y4aan@hotmail.com,SQC,2019-07-05
412,2019-07-30,90YHZ4,Modify,Anamaria Devalle  ,n4age5b7k9@gmail.com,DLH,2019-07-08
413,2019-07-30,QK0HT1,Book,Keshia Thackston  ,ar8ofqxlvp@yahoo.com,COA,2019-07-09
414,2019-07-30,NW48KB,Modify,Louise Imler  ,ke4bock225@gmail.com,QFA,2019-07-15
415,2019-07-29,IAD7L3,Modify,Dorcas Pearlman  ,4i3globv55@hotmail.com,COA,2019-07-05
416,2019-07-25,SN61JG,Cancel,Macy Abbot  ,nbanyytr1f@hotmail.com,SQC,2019-07-05
417,2019-07-20,ZXZ52M,Modify,Linwood Jester  ,ab7pdrp0jf@gmail.com,QFA,2019-07-15
418,2019-07-25,QOG9BJ,Book,Sally Ebersole  ,ik1jvbhnk6@hotmail.com,SQC,2019-07-11
419,2019-07-26,29W5Y4,Modify,Hiram Northup  ,kjg5r5mxos@yahoo.com,DAL,2019-07-13
420,2019-07-27,DV6R3V,Book,Dillon Jefferies  ,d4jq86gupd@hotmail.com,COA,2019-07-15
421,2019-07-23,WFWZNX,Book,Antone Mcsweeney  ,vxapk13amm@gmail.com,SQC,2019-07-04
422,2019-07-27,UHY4GK,Cancel,Jayne Tomberlin  ,ww31248ryr@yahoo.com,SQC,2019-07-01
423,2019-07-16,WJI086,Cancel,Royce Murff  ,m1tf9krww3@gmail.com,DLH,2019-07-05
424,2019-07-25,GNBQWR,Modify,Cathi Daigle  ,aovw74ju94@hotmail.com,DAL,2019-07-07
425,2019-07-22,8J92XS,Book,Francis Gilreath  ,krzzx1wy32@hotmail.com,DAL,2019-07-02
426,2019-07-21,NSMG0J,Book,Irvin Stutts  ,hergwg4o1v@yahoo.com,SQC,2019-07-08
427,2019-07-20,IL7POX,Modify,Ruthie Hower  ,k04wrcyqj3@hotmail.com,COA,2019-07-04
428,2019-07-29,FMAAHT,Modify,Nelson Maske  ,rdihwnralp@yahoo.com,DLH,2019-07-06
429,2019-07-16,PFNFWL,Modify,Barbara Vause  ,r1qkkt1mfz@hotmail.com,SQC,2019-07-11
430,2019-07-19,U13HSJ,Modify,Dahlia Sesco  ,m60vjxgoql@gmail.com,SQC,2019-07-03
431,2019-07-29,E09IQD,Modify,Silvia Uy  ,6id3j016u9@yahoo.com,QFA,2019-07-12
432,2019-07-22,TLWTSB,Modify,Ira Hurston  ,oj4a7t5ki1@hotmail.com,DLH,2019-07-14
433,2019-07-29,8KBT9P,Book,Hannelore Lecompte  ,651nj1mkg2@gmail.com,SQC,2019-07-03
434,2019-07-26,CYH0Q0,Book,Charlott Hartt  ,3ed06wfhjp@gmail.com,COA,2019-07-09
435,2019-07-17,HO5Z55,Book,Mimi Gillogly  ,lknw51q82e@yahoo.com,DLH,2019-07-02
436,2019-07-30,JTOPFP,Cancel,Chiquita Hogg  ,2i73d0i28w@yahoo.com,SQC,2019-07-08
437,2019-07-30,3WZTKZ,Modify,Gregory Colon  ,oaoviu8xu9@hotmail.com,QFA,2019-07-08
438,2019-07-29,GYW9T3,Modify,Sherell Munz  ,n18rsfjmev@hotmail.com,COA,2019-07-01
439,2019-07-17,XBYV53,Cancel,Annice Mcmurray  ,s4dx1wrn9j@yahoo.com,DLH,2019-07-15
440,2019-07-19,UIJ8NT,Cancel,Micaela Bibb  ,ti00rn9s6s@hotmail.com,DLH,2019-07-12
441,2019-07-18,2JCJG1,Book,Calvin Campana  ,tktxgnz9vp@hotmail.com,QFA,2019-07-09
442,2019-07-21,3K6TF7,Book,Elizabeth Carolan  ,pyuks5ls4e@yahoo.com,DLH,2019-07-14
443,2019-07-23,LW50JH,Cancel,Kiana Darnall  ,cviw8tx4uy@hotmail.com,DAL,2019-07-03
444,2019-07-17,P3FJPD,Book,Kasha Urick  ,8gvwgcujls@hotmail.com,SQC,2019-07-11
445,2019-07-20,KWUQQP,Book,Carry Aten  ,mt5p48ow2n@gmail.com,QFA,2019-07-08
446,2019-07-30,RVJHGA,Book,Karisa Libbey  ,xqksm6wd97@yahoo.com,SQC,2019-07-06
447,2019-07-16,2YB4WK,Modify,Minna Prosser  ,38l40qbwcw@gmail.com,DAL,2019-07-15
448,2019-07-16,TVXEWD,Book,Ferne Blunt  ,v19ryisl5j@yahoo.com,DLH,2019-07-05
449,2019-07-16,T99GLI,Book,Elana Borland,2h30yh1cte@hotmail.com,SQC,2019-07-01
450,2019-07-20,WU6BE8,Book,Irena Armentrout  ,1i15i2frmn@hotmail.com,SQC,2019-07-07
451,2019-07-30,S3MYSY,Modify,Marleen Perrodin  ,o9xvjak5wm@hotmail.com,DAL,2019-07-07
452,2019-07-18,U428QJ,Cancel,Jennie Froman  ,ygy4tisuq7@hotmail.com,QFA,2019-07-09
453,2019-07-17,25D9PY,Book,Justin Whitby  ,ymxniftp24@hotmail.com,QFA,2019-07-05
454,2019-07-18,VS1CJE,Modify,Kelvin Dungy  ,b2a4zp0sxk@yahoo.com,COA,2019-07-04
455,2019-07-16,8BLZTX,Book,Dell Agarwal  ,cgrqjlt958@gmail.com,SQC,2019-07-12
456,2019-07-29,GST12N,Book,Ming Tyrell  ,8e8haf0ew6@hotmail.com,QFA,2019-07-01
457,2019-07-26,MOOSEZ,Modify,Esta Bridge  ,cry4b2w2xv@yahoo.com,SQC,2019-07-05
458,2019-07-21,ARBN4U,Modify,Graham Leddy  ,djucp4c6lz@yahoo.com,SQC,2019-07-03
459,2019-07-27,4JTEVZ,Modify,Tera Glandon  ,hrh2x80con@yahoo.com,DAL,2019-07-13
460,2019-07-22,OOS5BZ,Book,Mickey Biddy  ,l00r115vq6@yahoo.com,SQC,2019-07-01
461,2019-07-25,22XZUF,Modify,Davida Cassinelli  ,fqlsd9jxdc@gmail.com,SQC,2019-07-10
462,2019-07-18,1085JX,Book,Tabatha Nickels  ,qg02ziet98@hotmail.com,DAL,2019-07-08
463,2019-07-17,IVHZ65,Modify,Birgit Lewellen  ,ehqgh41mrg@hotmail.com,SQC,2019-07-08
464,2019-07-21,TY0AMQ,Book,Angelic Lehmann  ,mn0lpnkud3@hotmail.com,DLH,2019-07-01
465,2019-07-16,IYWS8E,Cancel,Dewey Derryberry  ,yqqhwpjjx0@hotmail.com,COA,2019-07-09
466,2019-07-30,H8OMFJ,Modify,Socorro Yantis  ,glzgh4bbiq@gmail.com,DAL,2019-07-15
467,2019-07-26,Y022KC,Modify,Elizbeth Kogut  ,t3h0hftt1t@gmail.com,DLH,2019-07-09
468,2019-07-30,UKCGXE,Cancel,Heather Chien  ,cyvtm5kbqu@hotmail.com,SQC,2019-07-07
469,2019-07-24,JT02SK,Book,Tora Aman  ,32lqwt9h9r@hotmail.com,COA,2019-07-13
470,2019-07-18,M5TFTM,Modify,Dot Goehring  ,zuw4u2rcgw@hotmail.com,COA,2019-07-01
471,2019-07-23,RV2DKY,Modify,Luanne Rainville  ,o9duejjl3g@hotmail.com,QFA,2019-07-03
472,2019-07-20,CMEQ67,Modify,Marcelo Passmore  ,vncuhpfz4d@gmail.com,SQC,2019-07-05
473,2019-07-23,LFYO3S,Cancel,Dione Whisler  ,z55bylxtt1@gmail.com,SQC,2019-07-10
474,2019-07-30,AURNDJ,Book,Elvira Pines  ,i86dfdy0i5@hotmail.com,DLH,2019-07-13
475,2019-07-22,ZOJ0L3,Cancel,Leila Earnest  ,snpgjtqx8e@gmail.com,SQC,2019-07-03
476,2019-07-19,UP1BGG,Cancel,Marvis Satter  ,1fg3xtlpxf@hotmail.com,DLH,2019-07-01
477,2019-07-19,X6E57B,Modify,Michell Kirkham  ,fe3lrkrrmj@hotmail.com,SQC,2019-07-11
478,2019-07-21,559SHG,Cancel,Myrtice Kearse  ,xpitwrubyn@gmail.com,SQC,2019-07-04
479,2019-07-24,NMW932,Book,Rashida Younts  ,bwn5ooig03@yahoo.com,DAL,2019-07-01
480,2019-07-27,UI0A92,Modify,See Sinegal  ,40nea8vz8n@gmail.com,SQC,2019-07-08
481,2019-07-29,YMKRQB,Book,Adrien Rucker  ,h56vup2upb@hotmail.com,DLH,2019-07-10
482,2019-07-25,44BSDR,Cancel,Lien Muhammad  ,942lwmdlmc@hotmail.com,COA,2019-07-05
483,2019-07-24,Z4GKMQ,Book,Kimber Bennetts  ,nhheqdo2z5@yahoo.com,SQC,2019-07-15
484,2019-07-22,11RPET,Book,Genevive Sagers  ,bvyb7pkajb@gmail.com,QFA,2019-07-02
485,2019-07-27,7P0E18,Book,Julia Truman  ,8j6y6bej1k@yahoo.com,QFA,2019-07-02
486,2019-07-25,8BVZDK,Book,Denae Allison  ,e2rwoyhsku@yahoo.com,COA,2019-07-05
487,2019-07-18,HB2G5Y,Book,Iliana Swearingen  ,xnlceyx4aa@yahoo.com,DLH,2019-07-12
488,2019-07-21,H2VBGV,Book,Christia Claypoole  ,o92q84kfc9@yahoo.com,QFA,2019-07-04
489,2019-07-27,NA4DE8,Modify,Marget Ronk  ,ae5dwwtiwj@yahoo.com,DAL,2019-07-09
490,2019-07-26,1BGS0X,Cancel,Antonetta Paetzold  ,ux8at5d0nb@yahoo.com,COA,2019-07-02
491,2019-07-23,4FWB40,Book,Melina Body  ,qbr4w6wxda@hotmail.com,DAL,2019-07-06
492,2019-07-21,PLYKQ5,Modify,Jade Dirks  ,i0o3k6n4ux@gmail.com,DAL,2019-07-08
493,2019-07-20,TJYG9I,Book,Celesta Sparks  ,m5mxw4x2rh@yahoo.com,DAL,2019-07-06
494,2019-07-18,L5TX6E,Book,Kasey Borjas  ,7k46tzlsbb@yahoo.com,COA,2019-07-12
495,2019-07-30,F4ZJMY,Cancel,Meg Lamagna  ,sz99ich6mu@gmail.com,COA,2019-07-12
496,2019-07-26,U74JGM,Modify,Josephina Luu  ,6letphh6k3@yahoo.com,DAL,2019-07-15
497,2019-07-28,TBRS5U,Book,Julie Burtch  ,3uo1is3ktk@yahoo.com,COA,2019-07-15
498,2019-07-16,QLL08E,Cancel,Rosalind Morrill  ,ye68slam5u@hotmail.com,COA,2019-07-07
499,2019-07-18,Q2X4J3,Cancel,Dimple Blackledge,il058cs9zj@hotmail.com,COA,2019-07-15
